{"cameraMode":{"drawMode":0,"name":"Shaded","section":"Shading Mode"},"sceneLighting":true,"audioPlay":false,"sceneViewState":{"showFog":true,"showMaterialUpdate":false,"showSkybox":true,"showFlares":true,"showImageEffects":true,"showParticleSystems":true,"showVisualEffectGraphs":true,"m_FxEnabled":true},"in2DMode":false,"pivot":{"x":-4.586763858795166,"y":0.12336230278015137,"z":-1.8781633377075196},"rotation":{"x":0.6192362904548645,"y":-0.007998720742762089,"z":0.006311868783086538,"w":0.7851410508155823},"size":8.785717010498047,"orthographic":false}